{
  "rasp_pi": {
    "bubble_sort": {
      "ram": [
        19.68024763685106,
        0.07550384093888117
      ],
      "cpu": [
        87.64150304216707,
        0.7070229362846199
      ],
      "time": [
        1.7333084014034845,
        0.2279214574119773
      ]
    },
    "heap_sort": {
      "ram": [
        19.786283746695553,
        0.07269446477191639
      ],
      "cpu": [
        60.86634211725678,
        6.980226371349321
      ],
      "time": [
        0.28501367966148683,
        0.3279213816127552
      ]
    },
    "insertion_sort": {
      "ram": [
        19.611754346593102,
        0.07760844225415389
      ],
      "cpu": [
        83.34289804244395,
        0.7553197608823012
      ],
      "time": [
        3.188151979728911,
        0.3365958406859476
      ]
    },
    "merge_sort": {
      "ram": [
        19.63572235825492,
        0.07702708096047667
      ],
      "cpu": [
        37.360044968218844,
        3.9775398381539677
      ],
      "time": [
        0.718002098652486,
        0.24761895014296909
      ]
    },
    "quick_sort": {
      "ram": [
        19.697135348281503,
        0.07483981434759958
      ],
      "cpu": [
        78.87968628084506,
        2.603531058101723
      ],
      "time": [
        1.1692143882622261,
        0.053004945268457115
      ]
    },
    "selection_sort": {
      "ram": [
        19.67251646254573,
        0.0744607240024299
      ],
      "cpu": [
        93.50631969315216,
        0.8576323284299008
      ],
      "time": [
        5.4570147156107955,
        0.7569763554372296
      ]
    }
  },
  "ubuntu_pc": {
    "bubble_sort": {
      "ram": [
        19.68024763685106,
        0.07550384093888117
      ],
      "cpu": [
        87.64150304216707,
        0.7070229362846199
      ],
      "time": [
        1.7333084014034845,
        0.2279214574119773
      ]
    },
    "heap_sort": {
      "ram": [
        19.786283746695553,
        0.07269446477191639
      ],
      "cpu": [
        60.86634211725678,
        6.980226371349321
      ],
      "time": [
        0.28501367966148683,
        0.3279213816127552
      ]
    },
    "insertion_sort": {
      "ram": [
        19.611754346593102,
        0.07760844225415389
      ],
      "cpu": [
        83.34289804244395,
        0.7553197608823012
      ],
      "time": [
        3.188151979728911,
        0.3365958406859476
      ]
    },
    "merge_sort": {
      "ram": [
        19.63572235825492,
        0.07702708096047667
      ],
      "cpu": [
        37.360044968218844,
        3.9775398381539677
      ],
      "time": [
        0.718002098652486,
        0.24761895014296909
      ]
    },
    "quick_sort": {
      "ram": [
        19.697135348281503,
        0.07483981434759958
      ],
      "cpu": [
        78.87968628084506,
        2.603531058101723
      ],
      "time": [
        1.1692143882622261,
        0.053004945268457115
      ]
    },
    "selection_sort": {
      "ram": [
        19.67251646254573,
        0.0744607240024299
      ],
      "cpu": [
        93.50631969315216,
        0.8576323284299008
      ],
      "time": [
        5.4570147156107955,
        0.7569763554372296
      ]
    }
  }
}