{"ubuntu_pc": {"bubble_sort": {"time": [5.915205000000001, 0.09604552553346772], "ram": [19.596635000000003, 0.07661123791585674], "cpu": [99.64330000000001, 0.06948460261093811]}, "heap_sort": {"time": [0.032555000000000014, 0.0015287167821411531], "ram": [19.650215, 0.07674691378159766], "cpu": [49.669250000000005, 1.775902006727849]}, "insertion_sort": {"time": [1.67894, 0.04928789303672861], "ram": [19.64298, 0.07665839549586201], "cpu": [98.7976, 0.21014813822634737]}, "merge_sort": {"time": [0.021144999999999997, 0.0006033034062559238], "ram": [19.965054999999996, 0.06510700403950409], "cpu": [30.664250000000003, 14.176784488645511]}, "quick_sort": {"time": [0.013135000000000003, 0.002979391716441462], "ram": [19.662765, 0.0816676176645309], "cpu": [36.49345, 5.429885136676465]}, "selection_sort": {"time": [1.601765, 0.03876557461201884], "ram": [19.639879999999998, 0.07601029930213396], "cpu": [98.73145000000001, 0.23428486400107035]}}, "rasp_pi": {"bubble_sort": {"time": [6.792317307692307, 2.225131799313431], "ram": [14.50310576923077, 0.05536885376017803], "cpu": [99.58990384615383, 0.24435352381455813]}, "heap_sort": {"time": [0.11277884615384616, 0.017091359001401643], "ram": [14.550961538461538, 0.055738041676585685], "cpu": [79.94971153846154, 4.349923619296437]}, "insertion_sort": {"time": [2.0821923076923077, 0.7046325703312313], "ram": [14.538759615384615, 0.05574176296381002], "cpu": [98.7848076923077, 0.6041570427037332]}, "merge_sort": {"time": [0.08075961538461537, 0.011936929762705453], "ram": [14.54768269230769, 0.05636782777556815], "cpu": [75.15701923076924, 6.07434166736922]}, "quick_sort": {"time": [0.04914423076923077, 0.007495406630872683], "ram": [14.557490384615384, 0.05579788305749816], "cpu": [68.47432692307692, 10.529471712624876]}, "selection_sort": {"time": [1.9629423076923078, 0.6455248286192447], "ram": [14.538769230769232, 0.056188766802563614], "cpu": [98.75913461538461, 0.5726979177154573]}}}