{
  "nodes": {
    "0": {
      "function": "insertion_sort",
      "machine_id": "M2",
      "time": 3.0027141732877713,
      "ram": 19.70636008525347,
      "cpu": 83.41727792082081
    },
    "1": {
      "function": "insertion_sort",
      "machine_id": "M2",
      "time": 3.158771027179766,
      "ram": 19.616829850675988,
      "cpu": 85.26469260694186
    },
    "2": {
      "function": "insertion_sort",
      "machine_id": "M2",
      "time": 2.807551409482372,
      "ram": 19.70477014799198,
      "cpu": 83.53675242608013
    },
    "3": {
      "function": "insertion_sort",
      "machine_id": "M1",
      "time": 3.4710179716683824,
      "ram": 19.58577797811223,
      "cpu": 83.54193063865182
    },
    "4": {
      "function": "insertion_sort",
      "machine_id": "M1",
      "time": 3.1650781909722405,
      "ram": 19.604499842996074,
      "cpu": 83.2532000588209
    },
    "5": {
      "function": "insertion_sort",
      "machine_id": "M1",
      "time": 3.671958875434406,
      "ram": 19.67958200904683,
      "cpu": 83.5245968459514
    },
    "6": {
      "function": "insertion_sort",
      "machine_id": "M1",
      "time": 3.236682865011699,
      "ram": 19.69605866992826,
      "cpu": 82.3478397423547
    },
    "7": {
      "function": "insertion_sort",
      "machine_id": "M2",
      "time": 3.4893607278295895,
      "ram": 19.527725676481097,
      "cpu": 83.90578707135812
    }
  },
  "edges": [
    [
      [
        0,
        2
      ],
      {
        "network_delay": 0
      }
    ],
    [
      [
        1,
        2
      ],
      {
        "network_delay": 0
      }
    ],
    [
      [
        1,
        3
      ],
      {
        "network_delay": 1
      }
    ],
    [
      [
        2,
        4
      ],
      {
        "network_delay": 1
      }
    ],
    [
      [
        3,
        4
      ],
      {
        "network_delay": 0
      }
    ],
    [
      [
        4,
        5
      ],
      {
        "network_delay": 0
      }
    ],
    [
      [
        5,
        6
      ],
      {
        "network_delay": 0
      }
    ],
    [
      [
        7,
        1
      ],
      {
        "network_delay": 0
      }
    ]
  ],
  "costs": {
    "ram": [
      9.82010026628037,
      0.19640200532560742
    ],
    "cpu": [
      41.79950483193623,
      0.16719801932774495
    ],
    "l_path": [
      3.532144943016014,
      0.3532144943016014
    ],
    "n_traffic": [
      0.25,
      0.1125
    ],
    "s_mac": [
      0.0012740288691268087,
      0.0001911043303690213
    ],
    "clusters": [
      0,
      0.0
    ]
  },
  "ga": {
    "n_generations": 14,
    "chromosome_size": 8,
    "best_individual": [
      "M2",
      "M2",
      "M2",
      "M1",
      "M1",
      "M1",
      "M1",
      "M2"
    ],
    "fitness": 0.7841367103618658
  }
}