{"nodes": {"0": {"function": "insertion_sort", "machine_id": "M2", "time": 1.7098335176259962, "ram": 19.618096062051546, "cpu": 98.79885663392763}, "1": {"function": "insertion_sort", "machine_id": "M1", "time": 1.6184485579802919, "ram": 19.6770035793753, "cpu": 99.07814484750318}, "2": {"function": "insertion_sort", "machine_id": "M2", "time": 1.7379766174328064, "ram": 19.75665498715917, "cpu": 98.73536031880997}, "3": {"function": "insertion_sort", "machine_id": "M1", "time": 1.714075386262209, "ram": 19.566044327934904, "cpu": 98.44735044434834}, "4": {"function": "insertion_sort", "machine_id": "M2", "time": 1.686418747624672, "ram": 19.627801031196565, "cpu": 98.75655997160811}, "5": {"function": "insertion_sort", "machine_id": "M1", "time": 1.7725154200729327, "ram": 19.63889614249068, "cpu": 98.53560025003473}, "6": {"function": "insertion_sort", "machine_id": "M2", "time": 1.683226305398046, "ram": 19.515766672832232, "cpu": 98.57001211402499}, "7": {"function": "insertion_sort", "machine_id": "M1", "time": 1.605226447875282, "ram": 19.504895457539867, "cpu": 98.97542358578262}, "8": {"function": "insertion_sort", "machine_id": "M2", "time": 1.665197107311712, "ram": 19.608633674187782, "cpu": 98.711278020645}, "9": {"function": "insertion_sort", "machine_id": "M1", "time": 1.6432547312636538, "ram": 19.656404221857105, "cpu": 99.01511078072417}, "10": {"function": "insertion_sort", "machine_id": "M2", "time": 1.72846995031469, "ram": 19.66184203342728, "cpu": 98.98338445042594}, "11": {"function": "insertion_sort", "machine_id": "M1", "time": 1.7296434410062265, "ram": 19.57077778768508, "cpu": 98.5438142587683}, "12": {"function": "insertion_sort", "machine_id": "M1", "time": 1.737555748745375, "ram": 19.650892425581443, "cpu": 98.76626554190659}}, "edges": [[[0, 2], {"network_delay": 0}], [[1, 3], {"network_delay": 0}], [[2, 4], {"network_delay": 0}], [[3, 5], {"network_delay": 0}], [[4, 6], {"network_delay": 0}], [[5, 7], {"network_delay": 0}], [[6, 8], {"network_delay": 0}], [[7, 9], {"network_delay": 0}], [[8, 10], {"network_delay": 0}], [[9, 11], {"network_delay": 0}], [[10, 12], {"network_delay": 1}], [[11, 12], {"network_delay": 0}]], "costs": {"ram": [19.61951603102454, 0.1961951603102454], "cpu": [98.76285855526997, 0.19752571711053996], "l_path": [1.688674247600853, 0.16886742476008532], "n_traffic": [0.08333333333333333, 0.05416666666666667], "s_mac": [0.12150157265623218, 0.01215015726562322]}, "ga": {"n_generations": 26, "chromosome_size": 13, "best_individual": ["M2", "M1", "M2", "M1", "M2", "M1", "M2", "M1", "M2", "M1", "M2", "M1", "M1"], "fitness": 0.6251486393926027}}